gameId,gameDateTimeEst,hometeamCity,hometeamName,hometeamId,awayteamCity,awayteamName,awayteamId,homeScore,awayScore,winner,gameType,attendance,gameLabel,seriesGameNumber,totalScore,scoreDifference
42400407,2025-06-22 20:00:00+00:00,Oklahoma City,Thunder,1610612760,Indiana,Pacers,1610612754,103,91,1610612760,Playoffs,18203.0,NBA Finals,7.0,194,12
42400406,2025-06-19 20:30:00+00:00,Indiana,Pacers,1610612754,Oklahoma City,Thunder,1610612760,108,91,1610612754,Playoffs,17274.0,NBA Finals,6.0,199,17
42400405,2025-06-16 20:30:00+00:00,Oklahoma City,Thunder,1610612760,Indiana,Pacers,1610612754,120,109,1610612760,Playoffs,18203.0,NBA Finals,5.0,229,11
42400404,2025-06-13 20:30:00+00:00,Indiana,Pacers,1610612754,Oklahoma City,Thunder,1610612760,104,111,1610612760,Playoffs,17274.0,NBA Finals,4.0,215,7
42400403,2025-06-11 20:30:00+00:00,Indiana,Pacers,1610612754,Oklahoma City,Thunder,1610612760,116,107,1610612754,Playoffs,17274.0,NBA Finals,3.0,223,9
42400402,2025-06-08 20:00:00+00:00,Oklahoma City,Thunder,1610612760,Indiana,Pacers,1610612754,123,107,1610612760,Playoffs,18203.0,NBA Finals,2.0,230,16
42400401,2025-06-05 20:30:00+00:00,Oklahoma City,Thunder,1610612760,Indiana,Pacers,1610612754,110,111,1610612754,Playoffs,18203.0,NBA Finals,1.0,221,1
42400306,2025-05-31 20:00:00+00:00,Indiana,Pacers,1610612754,New York,Knicks,1610612752,125,108,1610612754,Playoffs,17274.0,East Conf. Finals,6.0,233,17
42400305,2025-05-29 20:00:00+00:00,New York,Knicks,1610612752,Indiana,Pacers,1610612754,111,94,1610612752,Playoffs,19812.0,East Conf. Finals,5.0,205,17
42400315,2025-05-28 20:30:00+00:00,Oklahoma City,Thunder,1610612760,Minnesota,Timberwolves,1610612750,124,94,1610612760,Playoffs,18203.0,West Conf. Finals,5.0,218,30
42400304,2025-05-27 20:00:00+00:00,Indiana,Pacers,1610612754,New York,Knicks,1610612752,130,121,1610612754,Playoffs,17274.0,East Conf. Finals,4.0,251,9
42400314,2025-05-26 20:30:00+00:00,Minnesota,Timberwolves,1610612750,Oklahoma City,Thunder,1610612760,126,128,1610612760,Playoffs,19250.0,West Conf. Finals,4.0,254,2
42400303,2025-05-25 20:00:00+00:00,Indiana,Pacers,1610612754,New York,Knicks,1610612752,100,106,1610612752,Playoffs,17274.0,East Conf. Finals,3.0,206,6
42400313,2025-05-24 20:30:00+00:00,Minnesota,Timberwolves,1610612750,Oklahoma City,Thunder,1610612760,143,101,1610612750,Playoffs,19112.0,West Conf. Finals,3.0,244,42
42400302,2025-05-23 20:00:00+00:00,New York,Knicks,1610612752,Indiana,Pacers,1610612754,109,114,1610612754,Playoffs,19812.0,East Conf. Finals,2.0,223,5
42400312,2025-05-22 20:30:00+00:00,Oklahoma City,Thunder,1610612760,Minnesota,Timberwolves,1610612750,118,103,1610612760,Playoffs,18203.0,West Conf. Finals,2.0,221,15
42400301,2025-05-21 20:00:00+00:00,New York,Knicks,1610612752,Indiana,Pacers,1610612754,135,138,1610612754,Playoffs,19812.0,East Conf. Finals,1.0,273,3
42400311,2025-05-20 20:30:00+00:00,Oklahoma City,Thunder,1610612760,Minnesota,Timberwolves,1610612750,114,88,1610612760,Playoffs,18203.0,West Conf. Finals,1.0,202,26
42400227,2025-05-18 15:30:00+00:00,Oklahoma City,Thunder,1610612760,Denver,Nuggets,1610612743,125,93,1610612760,Playoffs,18203.0,West Conf. Semifinals,7.0,218,32
42400216,2025-05-16 20:00:00+00:00,New York,Knicks,1610612752,Boston,Celtics,1610612738,119,81,1610612752,Playoffs,19812.0,East Conf. Semifinals,6.0,200,38
42400226,2025-05-15 20:30:00+00:00,Denver,Nuggets,1610612743,Oklahoma City,Thunder,1610612760,119,107,1610612743,Playoffs,19998.0,West Conf. Semifinals,6.0,226,12
42400235,2025-05-14 21:30:00+00:00,Minnesota,Timberwolves,1610612750,Golden State,Warriors,1610612744,121,110,1610612750,Playoffs,19395.0,West Conf. Semifinals,5.0,231,11
42400215,2025-05-14 19:00:00+00:00,Boston,Celtics,1610612738,New York,Knicks,1610612752,127,102,1610612738,Playoffs,19156.0,East Conf. Semifinals,5.0,229,25
42400225,2025-05-13 21:30:00+00:00,Oklahoma City,Thunder,1610612760,Denver,Nuggets,1610612743,112,105,1610612760,Playoffs,18203.0,West Conf. Semifinals,5.0,217,7
42400205,2025-05-13 19:00:00+00:00,Cleveland,Cavaliers,1610612739,Indiana,Pacers,1610612754,105,114,1610612754,Playoffs,19432.0,East Conf. Semifinals,5.0,219,9
42400234,2025-05-12 22:00:00+00:00,Golden State,Warriors,1610612744,Minnesota,Timberwolves,1610612750,110,117,1610612750,Playoffs,18064.0,West Conf. Semifinals,4.0,227,7
42400214,2025-05-12 19:30:00+00:00,New York,Knicks,1610612752,Boston,Celtics,1610612738,121,113,1610612752,Playoffs,19812.0,East Conf. Semifinals,4.0,234,8
42400204,2025-05-11 20:00:00+00:00,Indiana,Pacers,1610612754,Cleveland,Cavaliers,1610612739,129,109,1610612754,Playoffs,17274.0,East Conf. Semifinals,4.0,238,20
42400224,2025-05-11 15:30:00+00:00,Denver,Nuggets,1610612743,Oklahoma City,Thunder,1610612760,87,92,1610612760,Playoffs,19995.0,West Conf. Semifinals,4.0,179,5
42400233,2025-05-10 20:30:00+00:00,Golden State,Warriors,1610612744,Minnesota,Timberwolves,1610612750,97,102,1610612750,Playoffs,18064.0,West Conf. Semifinals,3.0,199,5
42400213,2025-05-10 15:30:00+00:00,New York,Knicks,1610612752,Boston,Celtics,1610612738,93,115,1610612738,Playoffs,19812.0,East Conf. Semifinals,3.0,208,22
42400223,2025-05-09 22:00:00+00:00,Denver,Nuggets,1610612743,Oklahoma City,Thunder,1610612760,113,104,1610612743,Playoffs,19993.0,West Conf. Semifinals,3.0,217,9
42400203,2025-05-09 19:30:00+00:00,Indiana,Pacers,1610612754,Cleveland,Cavaliers,1610612739,104,126,1610612739,Playoffs,17274.0,East Conf. Semifinals,3.0,230,22
42400232,2025-05-08 20:30:00+00:00,Minnesota,Timberwolves,1610612750,Golden State,Warriors,1610612744,117,93,1610612750,Playoffs,18978.0,West Conf. Semifinals,2.0,210,24
42400222,2025-05-07 21:30:00+00:00,Oklahoma City,Thunder,1610612760,Denver,Nuggets,1610612743,149,106,1610612760,Playoffs,18203.0,West Conf. Semifinals,2.0,255,43
42400212,2025-05-07 19:00:00+00:00,Boston,Celtics,1610612738,New York,Knicks,1610612752,90,91,1610612752,Playoffs,19156.0,East Conf. Semifinals,2.0,181,1
42400231,2025-05-06 21:30:00+00:00,Minnesota,Timberwolves,1610612750,Golden State,Warriors,1610612744,88,99,1610612744,Playoffs,19223.0,West Conf. Semifinals,1.0,187,11
42400202,2025-05-06 19:00:00+00:00,Cleveland,Cavaliers,1610612739,Indiana,Pacers,1610612754,119,120,1610612754,Playoffs,19432.0,East Conf. Semifinals,2.0,239,1
42400221,2025-05-05 21:30:00+00:00,Oklahoma City,Thunder,1610612760,Denver,Nuggets,1610612743,119,121,1610612743,Playoffs,18203.0,West Conf. Semifinals,1.0,240,2
42400211,2025-05-05 19:00:00+00:00,Boston,Celtics,1610612738,New York,Knicks,1610612752,105,108,1610612752,Playoffs,19156.0,East Conf. Semifinals,1.0,213,3
42400157,2025-05-04 20:30:00+00:00,Houston,Rockets,1610612745,Golden State,Warriors,1610612744,89,103,1610612744,Playoffs,18055.0,West First Round,7.0,192,14
42400201,2025-05-04 18:00:00+00:00,Cleveland,Cavaliers,1610612739,Indiana,Pacers,1610612754,112,121,1610612754,Playoffs,19432.0,East Conf. Semifinals,1.0,233,9
42400177,2025-05-03 19:30:00+00:00,Denver,Nuggets,1610612743,Los Angeles,Clippers,1610612746,120,101,1610612743,Playoffs,19995.0,West First Round,7.0,221,19
42400156,2025-05-02 21:00:00+00:00,Golden State,Warriors,1610612744,Houston,Rockets,1610612745,107,115,1610612745,Playoffs,18064.0,West First Round,6.0,222,8
42400176,2025-05-01 22:00:00+00:00,Los Angeles,Clippers,1610612746,Denver,Nuggets,1610612743,111,105,1610612746,Playoffs,17927.0,West First Round,6.0,216,6
42400126,2025-05-01 19:30:00+00:00,Detroit,Pistons,1610612765,New York,Knicks,1610612752,113,116,1610612752,Playoffs,20062.0,East First Round,6.0,229,3
42400165,2025-04-30 22:00:00+00:00,Los Angeles,Lakers,1610612747,Minnesota,Timberwolves,1610612750,96,103,1610612750,Playoffs,18997.0,West First Round,5.0,199,7
42400155,2025-04-30 19:30:00+00:00,Houston,Rockets,1610612745,Golden State,Warriors,1610612744,131,116,1610612745,Playoffs,18055.0,West First Round,5.0,247,15
42400175,2025-04-29 22:00:00+00:00,Denver,Nuggets,1610612743,Los Angeles,Clippers,1610612746,131,115,1610612743,Playoffs,20005.0,West First Round,5.0,246,16
42400115,2025-04-29 20:30:00+00:00,Boston,Celtics,1610612738,Orlando,Magic,1610612753,120,89,1610612738,Playoffs,19156.0,East First Round,5.0,209,31
42400125,2025-04-29 19:30:00+00:00,New York,Knicks,1610612752,Detroit,Pistons,1610612765,103,106,1610612765,Playoffs,19812.0,East First Round,5.0,209,3
42400135,2025-04-29 18:00:00+00:00,Indiana,Pacers,1610612754,Milwaukee,Bucks,1610612749,119,118,1610612754,Playoffs,17274.0,East First Round,5.0,237,1
42400154,2025-04-28 22:00:00+00:00,Golden State,Warriors,1610612744,Houston,Rockets,1610612745,109,106,1610612744,Playoffs,18064.0,West First Round,4.0,215,3
42400104,2025-04-28 19:30:00+00:00,Miami,Heat,1610612748,Cleveland,Cavaliers,1610612739,83,138,1610612739,Playoffs,19600.0,East First Round,4.0,221,55
42400134,2025-04-27 21:30:00+00:00,Milwaukee,Bucks,1610612749,Indiana,Pacers,1610612754,103,129,1610612754,Playoffs,17855.0,East First Round,4.0,232,26
42400114,2025-04-27 19:00:00+00:00,Orlando,Magic,1610612753,Boston,Celtics,1610612738,98,107,1610612738,Playoffs,19073.0,East First Round,4.0,205,9
42400164,2025-04-27 15:30:00+00:00,Minnesota,Timberwolves,1610612750,Los Angeles,Lakers,1610612747,116,113,1610612750,Playoffs,19289.0,West First Round,4.0,229,3
42400124,2025-04-27 13:00:00+00:00,Detroit,Pistons,1610612765,New York,Knicks,1610612752,93,94,1610612752,Playoffs,20062.0,East First Round,4.0,187,1
42400153,2025-04-26 20:30:00+00:00,Golden State,Warriors,1610612744,Houston,Rockets,1610612745,104,93,1610612744,Playoffs,18064.0,West First Round,3.0,197,11
42400174,2025-04-26 18:00:00+00:00,Los Angeles,Clippers,1610612746,Denver,Nuggets,1610612743,99,101,1610612743,Playoffs,17927.0,West First Round,4.0,200,2
42400144,2025-04-26 15:30:00+00:00,Memphis,Grizzlies,1610612763,Oklahoma City,Thunder,1610612760,115,117,1610612760,Playoffs,16667.0,West First Round,4.0,232,2
42400103,2025-04-26 13:00:00+00:00,Miami,Heat,1610612748,Cleveland,Cavaliers,1610612739,87,124,1610612739,Playoffs,19600.0,East First Round,3.0,211,37
42400163,2025-04-25 21:30:00+00:00,Minnesota,Timberwolves,1610612750,Los Angeles,Lakers,1610612747,116,104,1610612750,Playoffs,19312.0,West First Round,3.0,220,12
42400133,2025-04-25 20:00:00+00:00,Milwaukee,Bucks,1610612749,Indiana,Pacers,1610612754,117,101,1610612749,Playoffs,17942.0,East First Round,3.0,218,16
42400113,2025-04-25 19:00:00+00:00,Orlando,Magic,1610612753,Boston,Celtics,1610612738,95,93,1610612753,Playoffs,18967.0,East First Round,3.0,188,2
42400173,2025-04-24 22:00:00+00:00,Los Angeles,Clippers,1610612746,Denver,Nuggets,1610612743,117,83,1610612746,Playoffs,17927.0,West First Round,3.0,200,34
42400143,2025-04-24 21:30:00+00:00,Memphis,Grizzlies,1610612763,Oklahoma City,Thunder,1610612760,108,114,1610612760,Playoffs,16849.0,West First Round,3.0,222,6
42400123,2025-04-24 19:00:00+00:00,Detroit,Pistons,1610612765,New York,Knicks,1610612752,116,118,1610612752,Playoffs,20062.0,East First Round,3.0,234,2
42400152,2025-04-23 21:30:00+00:00,Houston,Rockets,1610612745,Golden State,Warriors,1610612744,109,94,1610612745,Playoffs,18055.0,West First Round,2.0,203,15
42400102,2025-04-23 19:30:00+00:00,Cleveland,Cavaliers,1610612739,Miami,Heat,1610612748,121,112,1610612739,Playoffs,19432.0,East First Round,2.0,233,9
42400112,2025-04-23 19:00:00+00:00,Boston,Celtics,1610612738,Orlando,Magic,1610612753,109,100,1610612738,Playoffs,19156.0,East First Round,2.0,209,9
42400162,2025-04-22 22:00:00+00:00,Los Angeles,Lakers,1610612747,Minnesota,Timberwolves,1610612750,94,85,1610612747,Playoffs,18997.0,West First Round,2.0,179,9
42400142,2025-04-22 19:30:00+00:00,Oklahoma City,Thunder,1610612760,Memphis,Grizzlies,1610612763,118,99,1610612760,Playoffs,18203.0,West First Round,2.0,217,19
42400132,2025-04-22 19:00:00+00:00,Indiana,Pacers,1610612754,Milwaukee,Bucks,1610612749,123,115,1610612754,Playoffs,17274.0,East First Round,2.0,238,8
42400172,2025-04-21 22:00:00+00:00,Denver,Nuggets,1610612743,Los Angeles,Clippers,1610612746,102,105,1610612746,Playoffs,19989.0,West First Round,2.0,207,3
42400122,2025-04-21 19:30:00+00:00,New York,Knicks,1610612752,Detroit,Pistons,1610612765,94,100,1610612765,Playoffs,19812.0,East First Round,2.0,194,6
42400151,2025-04-20 21:30:00+00:00,Houston,Rockets,1610612745,Golden State,Warriors,1610612744,85,95,1610612744,Playoffs,18055.0,West First Round,1.0,180,10
42400101,2025-04-20 19:00:00+00:00,Cleveland,Cavaliers,1610612739,Miami,Heat,1610612748,121,100,1610612739,Playoffs,19432.0,East First Round,1.0,221,21
42400111,2025-04-20 15:30:00+00:00,Boston,Celtics,1610612738,Orlando,Magic,1610612753,103,86,1610612738,Playoffs,19156.0,East First Round,1.0,189,17
42400141,2025-04-20 13:00:00+00:00,Oklahoma City,Thunder,1610612760,Memphis,Grizzlies,1610612763,131,80,1610612760,Playoffs,18203.0,West First Round,1.0,211,51
42400161,2025-04-19 20:30:00+00:00,Los Angeles,Lakers,1610612747,Minnesota,Timberwolves,1610612750,95,117,1610612750,Playoffs,18997.0,West First Round,1.0,212,22
42400121,2025-04-19 18:00:00+00:00,New York,Knicks,1610612752,Detroit,Pistons,1610612765,123,112,1610612752,Playoffs,19812.0,East First Round,1.0,235,11
42400171,2025-04-19 15:30:00+00:00,Denver,Nuggets,1610612743,Los Angeles,Clippers,1610612746,112,110,1610612743,Playoffs,19973.0,West First Round,1.0,222,2
42400131,2025-04-19 13:00:00+00:00,Indiana,Pacers,1610612754,Milwaukee,Bucks,1610612749,117,98,1610612754,Playoffs,17274.0,East First Round,1.0,215,19
42300405,2024-06-17 20:30:00+00:00,Boston,Celtics,1610612738,Dallas,Mavericks,1610612742,106,88,1610612738,Playoffs,19156.0,NBA Finals,5.0,194,18
42300404,2024-06-14 20:30:00+00:00,Dallas,Mavericks,1610612742,Boston,Celtics,1610612738,122,84,1610612742,Playoffs,20277.0,NBA Finals,4.0,206,38
42300403,2024-06-12 20:30:00+00:00,Dallas,Mavericks,1610612742,Boston,Celtics,1610612738,99,106,1610612738,Playoffs,20311.0,NBA Finals,3.0,205,7
42300402,2024-06-09 20:00:00+00:00,Boston,Celtics,1610612738,Dallas,Mavericks,1610612742,105,98,1610612738,Playoffs,19156.0,NBA Finals,2.0,203,7
42300401,2024-06-06 20:30:00+00:00,Boston,Celtics,1610612738,Dallas,Mavericks,1610612742,107,89,1610612738,Playoffs,19156.0,NBA Finals,1.0,196,18
42300315,2024-05-30 20:30:00+00:00,Minnesota,Timberwolves,1610612750,Dallas,Mavericks,1610612742,103,124,1610612742,Playoffs,19333.0,West - Conf. Finals,5.0,227,21
42300314,2024-05-28 20:30:00+00:00,Dallas,Mavericks,1610612742,Minnesota,Timberwolves,1610612750,100,105,1610612750,Playoffs,20477.0,West - Conf. Finals,4.0,205,5
42300304,2024-05-27 20:00:00+00:00,Indiana,Pacers,1610612754,Boston,Celtics,1610612738,102,105,1610612738,Playoffs,17274.0,East - Conf. Finals,4.0,207,3
42300313,2024-05-26 20:00:00+00:00,Dallas,Mavericks,1610612742,Minnesota,Timberwolves,1610612750,116,107,1610612742,Playoffs,20511.0,West - Conf. Finals,3.0,223,9
42300303,2024-05-25 20:30:00+00:00,Indiana,Pacers,1610612754,Boston,Celtics,1610612738,111,114,1610612738,Playoffs,17274.0,East - Conf. Finals,3.0,225,3
42300312,2024-05-24 20:30:00+00:00,Minnesota,Timberwolves,1610612750,Dallas,Mavericks,1610612742,108,109,1610612742,Playoffs,19636.0,West - Conf. Finals,2.0,217,1
42300302,2024-05-23 20:00:00+00:00,Boston,Celtics,1610612738,Indiana,Pacers,1610612754,126,110,1610612738,Playoffs,19156.0,East - Conf. Finals,2.0,236,16
42300311,2024-05-22 20:30:00+00:00,Minnesota,Timberwolves,1610612750,Dallas,Mavericks,1610612742,105,108,1610612742,Playoffs,19433.0,West - Conf. Finals,1.0,213,3
42300301,2024-05-21 20:00:00+00:00,Boston,Celtics,1610612738,Indiana,Pacers,1610612754,133,128,1610612738,Playoffs,19156.0,East - Conf. Finals,1.0,261,5
42300237,2024-05-19 20:00:00+00:00,Denver,Nuggets,1610612743,Minnesota,Timberwolves,1610612750,90,98,1610612750,Playoffs,20022.0,West - Conf. Semifinals,7.0,188,8
42300217,2024-05-19 15:30:00+00:00,New York,Knicks,1610612752,Indiana,Pacers,1610612754,109,130,1610612754,Playoffs,19812.0,East - Conf. Semifinals,7.0,239,21
42300226,2024-05-18 20:00:00+00:00,Dallas,Mavericks,1610612742,Oklahoma City,Thunder,1610612760,117,116,1610612742,Playoffs,20555.0,West - Conf. Semifinals,6.0,233,1
42300216,2024-05-17 20:30:00+00:00,Indiana,Pacers,1610612754,New York,Knicks,1610612752,116,103,1610612754,Playoffs,17274.0,East - Conf. Semifinals,6.0,219,13
42300236,2024-05-16 20:30:00+00:00,Minnesota,Timberwolves,1610612750,Denver,Nuggets,1610612743,115,70,1610612750,Playoffs,19187.0,West - Conf. Semifinals,6.0,185,45
42300225,2024-05-15 21:30:00+00:00,Oklahoma City,Thunder,1610612760,Dallas,Mavericks,1610612742,92,104,1610612742,Playoffs,18203.0,West - Conf. Semifinals,5.0,196,12
42300205,2024-05-15 19:00:00+00:00,Boston,Celtics,1610612738,Cleveland,Cavaliers,1610612739,113,98,1610612738,Playoffs,19156.0,East - Conf. Semifinals,5.0,211,15
42300235,2024-05-14 22:30:00+00:00,Denver,Nuggets,1610612743,Minnesota,Timberwolves,1610612750,112,97,1610612743,Playoffs,19992.0,West - Conf. Semifinals,5.0,209,15
42300215,2024-05-14 20:00:00+00:00,New York,Knicks,1610612752,Indiana,Pacers,1610612754,121,91,1610612752,Playoffs,19812.0,East - Conf. Semifinals,5.0,212,30
42300224,2024-05-13 21:30:00+00:00,Dallas,Mavericks,1610612742,Oklahoma City,Thunder,1610612760,96,100,1610612760,Playoffs,20607.0,West - Conf. Semifinals,4.0,196,4
42300204,2024-05-13 19:00:00+00:00,Cleveland,Cavaliers,1610612739,Boston,Celtics,1610612738,102,109,1610612738,Playoffs,19432.0,East - Conf. Semifinals,4.0,211,7
42300234,2024-05-12 20:00:00+00:00,Minnesota,Timberwolves,1610612750,Denver,Nuggets,1610612743,107,115,1610612743,Playoffs,19583.0,West - Conf. Semifinals,4.0,222,8
42300214,2024-05-12 15:30:00+00:00,Indiana,Pacers,1610612754,New York,Knicks,1610612752,121,89,1610612754,Playoffs,17274.0,East - Conf. Semifinals,4.0,210,32
42300203,2024-05-11 20:30:00+00:00,Cleveland,Cavaliers,1610612739,Boston,Celtics,1610612738,93,106,1610612738,Playoffs,19432.0,East - Conf. Semifinals,3.0,199,13
42300223,2024-05-11 15:30:00+00:00,Dallas,Mavericks,1610612742,Oklahoma City,Thunder,1610612760,105,101,1610612742,Playoffs,20325.0,West - Conf. Semifinals,3.0,206,4
42300233,2024-05-10 21:30:00+00:00,Minnesota,Timberwolves,1610612750,Denver,Nuggets,1610612743,90,117,1610612743,Playoffs,19733.0,West - Conf. Semifinals,3.0,207,27
42300213,2024-05-10 19:00:00+00:00,Indiana,Pacers,1610612754,New York,Knicks,1610612752,111,106,1610612754,Playoffs,17274.0,East - Conf. Semifinals,3.0,217,5
42300222,2024-05-09 21:30:00+00:00,Oklahoma City,Thunder,1610612760,Dallas,Mavericks,1610612742,110,119,1610612742,Playoffs,18203.0,West - Conf. Semifinals,2.0,229,9
42300202,2024-05-09 19:00:00+00:00,Boston,Celtics,1610612738,Cleveland,Cavaliers,1610612739,94,118,1610612739,Playoffs,19156.0,East - Conf. Semifinals,2.0,212,24
42300212,2024-05-08 20:00:00+00:00,New York,Knicks,1610612752,Indiana,Pacers,1610612754,130,121,1610612752,Playoffs,19812.0,East - Conf. Semifinals,2.0,251,9
42300221,2024-05-07 21:30:00+00:00,Oklahoma City,Thunder,1610612760,Dallas,Mavericks,1610612742,117,95,1610612760,Playoffs,18203.0,West - Conf. Semifinals,1.0,212,22
42300201,2024-05-07 19:00:00+00:00,Boston,Celtics,1610612738,Cleveland,Cavaliers,1610612739,120,95,1610612738,Playoffs,19156.0,East - Conf. Semifinals,1.0,215,25
42300232,2024-05-06 22:00:00+00:00,Denver,Nuggets,1610612743,Minnesota,Timberwolves,1610612750,80,106,1610612750,Playoffs,19942.0,West - Conf. Semifinals,2.0,186,26
42300211,2024-05-06 19:30:00+00:00,New York,Knicks,1610612752,Indiana,Pacers,1610612754,121,117,1610612752,Playoffs,19812.0,East - Conf. Semifinals,1.0,238,4
42300137,2024-05-05 13:00:00+00:00,Cleveland,Cavaliers,1610612739,Orlando,Magic,1610612753,106,94,1610612739,Playoffs,19432.0,East - First Round,7.0,200,12
42300231,2024-05-04 19:00:00+00:00,Denver,Nuggets,1610612743,Minnesota,Timberwolves,1610612750,99,106,1610612750,Playoffs,19915.0,West - Conf. Semifinals,1.0,205,7
42300176,2024-05-03 21:30:00+00:00,Dallas,Mavericks,1610612742,Los Angeles,Clippers,1610612746,114,101,1610612742,Playoffs,20625.0,West - First Round,6.0,215,13
42300136,2024-05-03 19:00:00+00:00,Orlando,Magic,1610612753,Cleveland,Cavaliers,1610612739,103,96,1610612753,Playoffs,19193.0,East - First Round,6.0,199,7
42300116,2024-05-02 21:00:00+00:00,Philadelphia,76ers,1610612755,New York,Knicks,1610612752,115,118,1610612752,Playoffs,21093.0,East - First Round,6.0,233,3
42300126,2024-05-02 18:30:00+00:00,Indiana,Pacers,1610612754,Milwaukee,Bucks,1610612749,120,98,1610612754,Playoffs,17274.0,East - First Round,6.0,218,22
42300175,2024-05-01 22:00:00+00:00,Los Angeles,Clippers,1610612746,Dallas,Mavericks,1610612742,93,123,1610612742,Playoffs,19370.0,West - First Round,5.0,216,30
42300105,2024-05-01 19:30:00+00:00,Boston,Celtics,1610612738,Miami,Heat,1610612748,118,84,1610612738,Playoffs,19156.0,East - First Round,5.0,202,34
42300125,2024-04-30 21:30:00+00:00,Milwaukee,Bucks,1610612749,Indiana,Pacers,1610612754,115,92,1610612749,Playoffs,17341.0,East - First Round,5.0,207,23
42300135,2024-04-30 20:00:00+00:00,Cleveland,Cavaliers,1610612739,Orlando,Magic,1610612753,104,103,1610612739,Playoffs,19432.0,East - First Round,5.0,207,1
42300115,2024-04-30 19:00:00+00:00,New York,Knicks,1610612752,Philadelphia,76ers,1610612755,106,112,1610612755,Playoffs,19812.0,East - First Round,5.0,218,6
42300155,2024-04-29 22:00:00+00:00,Denver,Nuggets,1610612743,Los Angeles,Lakers,1610612747,108,106,1610612743,Playoffs,19861.0,West - First Round,5.0,214,2
42300144,2024-04-29 20:30:00+00:00,New Orleans,Pelicans,1610612740,Oklahoma City,Thunder,1610612760,89,97,1610612760,Playoffs,18487.0,West - First Round,4.0,186,8
42300104,2024-04-29 19:30:00+00:00,Miami,Heat,1610612748,Boston,Celtics,1610612738,88,102,1610612738,Playoffs,19600.0,East - First Round,4.0,190,14
42300164,2024-04-28 21:30:00+00:00,Phoenix,Suns,1610612756,Minnesota,Timberwolves,1610612750,116,122,1610612750,Playoffs,17071.0,West - First Round,4.0,238,6
42300124,2024-04-28 19:00:00+00:00,Indiana,Pacers,1610612754,Milwaukee,Bucks,1610612749,126,113,1610612754,Playoffs,17274.0,East - First Round,4.0,239,13
42300174,2024-04-28 15:30:00+00:00,Dallas,Mavericks,1610612742,Los Angeles,Clippers,1610612746,111,116,1610612746,Playoffs,20411.0,West - First Round,4.0,227,5
42300114,2024-04-28 13:00:00+00:00,Philadelphia,76ers,1610612755,New York,Knicks,1610612752,92,97,1610612752,Playoffs,21048.0,East - First Round,4.0,189,5
42300154,2024-04-27 20:30:00+00:00,Los Angeles,Lakers,1610612747,Denver,Nuggets,1610612743,119,108,1610612747,Playoffs,18997.0,West - First Round,4.0,227,11
42300103,2024-04-27 18:00:00+00:00,Miami,Heat,1610612748,Boston,Celtics,1610612738,84,104,1610612738,Playoffs,20092.0,East - First Round,3.0,188,20
42300143,2024-04-27 15:30:00+00:00,New Orleans,Pelicans,1610612740,Oklahoma City,Thunder,1610612760,85,106,1610612760,Playoffs,18659.0,West - First Round,3.0,191,21
42300134,2024-04-27 13:00:00+00:00,Orlando,Magic,1610612753,Cleveland,Cavaliers,1610612739,112,89,1610612753,Playoffs,18933.0,East - First Round,4.0,201,23
42300163,2024-04-26 22:30:00+00:00,Phoenix,Suns,1610612756,Minnesota,Timberwolves,1610612750,109,126,1610612750,Playoffs,17071.0,West - First Round,3.0,235,17
42300173,2024-04-26 20:00:00+00:00,Dallas,Mavericks,1610612742,Los Angeles,Clippers,1610612746,101,90,1610612742,Playoffs,20402.0,West - First Round,3.0,191,11
42300123,2024-04-26 17:30:00+00:00,Indiana,Pacers,1610612754,Milwaukee,Bucks,1610612749,121,118,1610612754,Playoffs,17274.0,East - First Round,3.0,239,3
42300153,2024-04-25 22:00:00+00:00,Los Angeles,Lakers,1610612747,Denver,Nuggets,1610612743,105,112,1610612743,Playoffs,18997.0,West - First Round,3.0,217,7
42300113,2024-04-25 19:30:00+00:00,Philadelphia,76ers,1610612755,New York,Knicks,1610612752,125,114,1610612755,Playoffs,21116.0,East - First Round,3.0,239,11
42300133,2024-04-25 19:00:00+00:00,Orlando,Magic,1610612753,Cleveland,Cavaliers,1610612739,121,83,1610612753,Playoffs,18846.0,East - First Round,3.0,204,38
42300142,2024-04-24 21:30:00+00:00,Oklahoma City,Thunder,1610612760,New Orleans,Pelicans,1610612740,124,92,1610612760,Playoffs,18203.0,West - First Round,2.0,216,32
42300102,2024-04-24 19:00:00+00:00,Boston,Celtics,1610612738,Miami,Heat,1610612748,101,111,1610612748,Playoffs,19156.0,East - First Round,2.0,212,10
42300172,2024-04-23 22:00:00+00:00,Los Angeles,Clippers,1610612746,Dallas,Mavericks,1610612742,93,96,1610612742,Playoffs,19370.0,West - First Round,2.0,189,3
42300122,2024-04-23 20:30:00+00:00,Milwaukee,Bucks,1610612749,Indiana,Pacers,1610612754,108,125,1610612754,Playoffs,17683.0,East - First Round,2.0,233,17
42300162,2024-04-23 19:30:00+00:00,Minnesota,Timberwolves,1610612750,Phoenix,Suns,1610612756,105,93,1610612750,Playoffs,19310.0,West - First Round,2.0,198,12
42300152,2024-04-22 22:00:00+00:00,Denver,Nuggets,1610612743,Los Angeles,Lakers,1610612747,101,99,1610612743,Playoffs,19711.0,West - First Round,2.0,200,2
42300112,2024-04-22 19:30:00+00:00,New York,Knicks,1610612752,Philadelphia,76ers,1610612755,104,101,1610612752,Playoffs,19812.0,East - First Round,2.0,205,3
42300132,2024-04-22 19:00:00+00:00,Cleveland,Cavaliers,1610612739,Orlando,Magic,1610612753,96,86,1610612739,Playoffs,19432.0,East - First Round,2.0,182,10
42300141,2024-04-21 21:30:00+00:00,Oklahoma City,Thunder,1610612760,New Orleans,Pelicans,1610612740,94,92,1610612760,Playoffs,18203.0,West - First Round,1.0,186,2
42300121,2024-04-21 19:00:00+00:00,Milwaukee,Bucks,1610612749,Indiana,Pacers,1610612754,109,94,1610612749,Playoffs,17341.0,East - First Round,1.0,203,15
42300171,2024-04-21 15:30:00+00:00,Los Angeles,Clippers,1610612746,Dallas,Mavericks,1610612742,109,97,1610612746,Playoffs,19370.0,West - First Round,1.0,206,12
42300101,2024-04-21 13:00:00+00:00,Boston,Celtics,1610612738,Miami,Heat,1610612748,114,94,1610612738,Playoffs,19156.0,East - First Round,1.0,208,20
42300151,2024-04-20 20:30:00+00:00,Denver,Nuggets,1610612743,Los Angeles,Lakers,1610612747,114,103,1610612743,Playoffs,19731.0,West - First Round,1.0,217,11
42300111,2024-04-20 18:00:00+00:00,New York,Knicks,1610612752,Philadelphia,76ers,1610612755,111,104,1610612752,Playoffs,19812.0,East - First Round,1.0,215,7
42300161,2024-04-20 15:30:00+00:00,Minnesota,Timberwolves,1610612750,Phoenix,Suns,1610612756,120,95,1610612750,Playoffs,19478.0,West - First Round,1.0,215,25
42300131,2024-04-20 13:00:00+00:00,Cleveland,Cavaliers,1610612739,Orlando,Magic,1610612753,97,83,1610612739,Playoffs,19432.0,East - First Round,1.0,180,14
42200405,2023-06-12 20:30:00+00:00,Denver,Nuggets,1610612743,Miami,Heat,1610612748,94,89,1610612743,Playoffs,19537.0,NBA Finals,5.0,183,5
42200404,2023-06-09 20:30:00+00:00,Miami,Heat,1610612748,Denver,Nuggets,1610612743,95,108,1610612743,Playoffs,20184.0,NBA Finals,4.0,203,13
42200403,2023-06-07 20:30:00+00:00,Miami,Heat,1610612748,Denver,Nuggets,1610612743,94,109,1610612743,Playoffs,20019.0,NBA Finals,3.0,203,15
42200402,2023-06-04 20:00:00+00:00,Denver,Nuggets,1610612743,Miami,Heat,1610612748,108,111,1610612748,Playoffs,19537.0,NBA Finals,2.0,219,3
42200401,2023-06-01 20:30:00+00:00,Denver,Nuggets,1610612743,Miami,Heat,1610612748,104,93,1610612743,Playoffs,19528.0,NBA Finals,1.0,197,11
42200307,2023-05-29 20:30:00+00:00,Boston,Celtics,1610612738,Miami,Heat,1610612748,84,103,1610612748,Playoffs,19156.0,East - Conf. Finals,7.0,187,19
42200306,2023-05-27 20:30:00+00:00,Miami,Heat,1610612748,Boston,Celtics,1610612738,103,104,1610612738,Playoffs,20201.0,East - Conf. Finals,6.0,207,1
42200305,2023-05-25 20:30:00+00:00,Boston,Celtics,1610612738,Miami,Heat,1610612748,110,97,1610612738,Playoffs,19156.0,East - Conf. Finals,5.0,207,13
42200304,2023-05-23 20:30:00+00:00,Miami,Heat,1610612748,Boston,Celtics,1610612738,99,116,1610612738,Playoffs,20147.0,East - Conf. Finals,4.0,215,17
42200314,2023-05-22 20:30:00+00:00,Los Angeles,Lakers,1610612747,Denver,Nuggets,1610612743,111,113,1610612743,Playoffs,18997.0,West - Conf. Finals,4.0,224,2
42200303,2023-05-21 20:30:00+00:00,Miami,Heat,1610612748,Boston,Celtics,1610612738,128,102,1610612748,Playoffs,20088.0,East - Conf. Finals,3.0,230,26
42200313,2023-05-20 20:30:00+00:00,Los Angeles,Lakers,1610612747,Denver,Nuggets,1610612743,108,119,1610612743,Playoffs,18997.0,West - Conf. Finals,3.0,227,11
42200302,2023-05-19 20:30:00+00:00,Boston,Celtics,1610612738,Miami,Heat,1610612748,105,111,1610612748,Playoffs,19156.0,East - Conf. Finals,2.0,216,6
42200312,2023-05-18 20:30:00+00:00,Denver,Nuggets,1610612743,Los Angeles,Lakers,1610612747,108,103,1610612743,Playoffs,19742.0,West - Conf. Finals,2.0,211,5
42200301,2023-05-17 20:30:00+00:00,Boston,Celtics,1610612738,Miami,Heat,1610612748,116,123,1610612748,Playoffs,19156.0,East - Conf. Finals,1.0,239,7
42200311,2023-05-16 20:30:00+00:00,Denver,Nuggets,1610612743,Los Angeles,Lakers,1610612747,132,126,1610612743,Playoffs,19633.0,West - Conf. Finals,1.0,258,6
42200217,2023-05-14 15:30:00+00:00,Boston,Celtics,1610612738,Philadelphia,76ers,1610612755,112,88,1610612738,Playoffs,19156.0,East - Conf. Semifinals,7.0,200,24
42200236,2023-05-12 22:00:00+00:00,Los Angeles,Lakers,1610612747,Golden State,Warriors,1610612744,122,101,1610612747,Playoffs,18997.0,West - Conf. Semifinals,6.0,223,21
42200206,2023-05-12 19:30:00+00:00,Miami,Heat,1610612748,New York,Knicks,1610612752,96,92,1610612748,Playoffs,19737.0,East - Conf. Semifinals,6.0,188,4
42200226,2023-05-11 22:00:00+00:00,Phoenix,Suns,1610612756,Denver,Nuggets,1610612743,100,125,1610612743,Playoffs,17071.0,West - Conf. Semifinals,6.0,225,25
42200216,2023-05-11 19:30:00+00:00,Philadelphia,76ers,1610612755,Boston,Celtics,1610612738,86,95,1610612738,Playoffs,21337.0,East - Conf. Semifinals,6.0,181,9
42200235,2023-05-10 22:00:00+00:00,Golden State,Warriors,1610612744,Los Angeles,Lakers,1610612747,121,106,1610612744,Playoffs,18064.0,West - Conf. Semifinals,5.0,227,15
42200205,2023-05-10 19:30:00+00:00,New York,Knicks,1610612752,Miami,Heat,1610612748,112,103,1610612752,Playoffs,19812.0,East - Conf. Semifinals,5.0,215,9
42200225,2023-05-09 22:00:00+00:00,Denver,Nuggets,1610612743,Phoenix,Suns,1610612756,118,102,1610612743,Playoffs,19773.0,West - Conf. Semifinals,5.0,220,16
42200215,2023-05-09 19:30:00+00:00,Boston,Celtics,1610612738,Philadelphia,76ers,1610612755,103,115,1610612755,Playoffs,19156.0,East - Conf. Semifinals,5.0,218,12
42200234,2023-05-08 22:00:00+00:00,Los Angeles,Lakers,1610612747,Golden State,Warriors,1610612744,104,101,1610612747,Playoffs,18997.0,West - Conf. Semifinals,4.0,205,3
42200204,2023-05-08 19:30:00+00:00,Miami,Heat,1610612748,New York,Knicks,1610612752,109,101,1610612748,Playoffs,19769.0,East - Conf. Semifinals,4.0,210,8
42200224,2023-05-07 20:00:00+00:00,Phoenix,Suns,1610612756,Denver,Nuggets,1610612743,129,124,1610612756,Playoffs,17071.0,West - Conf. Semifinals,4.0,253,5
42200214,2023-05-07 15:30:00+00:00,Philadelphia,76ers,1610612755,Boston,Celtics,1610612738,116,115,1610612755,Playoffs,21264.0,East - Conf. Semifinals,4.0,231,1
42200233,2023-05-06 20:30:00+00:00,Los Angeles,Lakers,1610612747,Golden State,Warriors,1610612744,127,97,1610612747,Playoffs,18997.0,West - Conf. Semifinals,3.0,224,30
42200203,2023-05-06 15:30:00+00:00,Miami,Heat,1610612748,New York,Knicks,1610612752,105,86,1610612748,Playoffs,19927.0,East - Conf. Semifinals,3.0,191,19
42200223,2023-05-05 22:00:00+00:00,Phoenix,Suns,1610612756,Denver,Nuggets,1610612743,121,114,1610612756,Playoffs,17071.0,West - Conf. Semifinals,3.0,235,7
42200213,2023-05-05 19:30:00+00:00,Philadelphia,76ers,1610612755,Boston,Celtics,1610612738,102,114,1610612738,Playoffs,21290.0,East - Conf. Semifinals,3.0,216,12
42200232,2023-05-04 21:00:00+00:00,Golden State,Warriors,1610612744,Los Angeles,Lakers,1610612747,127,100,1610612744,Playoffs,18064.0,West - Conf. Semifinals,2.0,227,27
42200212,2023-05-03 20:00:00+00:00,Boston,Celtics,1610612738,Philadelphia,76ers,1610612755,121,87,1610612738,Playoffs,19156.0,East - Conf. Semifinals,2.0,208,34
42200231,2023-05-02 22:00:00+00:00,Golden State,Warriors,1610612744,Los Angeles,Lakers,1610612747,112,117,1610612747,Playoffs,18064.0,West - Conf. Semifinals,1.0,229,5
42200202,2023-05-02 19:30:00+00:00,New York,Knicks,1610612752,Miami,Heat,1610612748,111,105,1610612752,Playoffs,19812.0,East - Conf. Semifinals,2.0,216,6
42200222,2023-05-01 22:00:00+00:00,Denver,Nuggets,1610612743,Phoenix,Suns,1610612756,97,87,1610612743,Playoffs,19592.0,West - Conf. Semifinals,2.0,184,10
42200211,2023-05-01 19:30:00+00:00,Boston,Celtics,1610612738,Philadelphia,76ers,1610612755,115,119,1610612755,Playoffs,19156.0,East - Conf. Semifinals,1.0,234,4
42200167,2023-04-30 15:30:00+00:00,Sacramento,Kings,1610612758,Golden State,Warriors,1610612744,100,120,1610612744,Playoffs,18253.0,West - First Round,7.0,220,20
42200201,2023-04-30 13:00:00+00:00,New York,Knicks,1610612752,Miami,Heat,1610612748,101,108,1610612748,Playoffs,19812.0,East - Conf. Semifinals,1.0,209,7
42200221,2023-04-29 20:30:00+00:00,Denver,Nuggets,1610612743,Phoenix,Suns,1610612756,125,107,1610612743,Playoffs,19762.0,West - Conf. Semifinals,1.0,232,18
42200156,2023-04-28 22:30:00+00:00,Los Angeles,Lakers,1610612747,Memphis,Grizzlies,1610612763,125,85,1610612747,Playoffs,18997.0,West - First Round,6.0,210,40
42200166,2023-04-28 20:00:00+00:00,Golden State,Warriors,1610612744,Sacramento,Kings,1610612758,99,118,1610612758,Playoffs,18064.0,West - First Round,6.0,217,19
42200116,2023-04-27 20:30:00+00:00,Atlanta,Hawks,1610612737,Boston,Celtics,1610612738,120,128,1610612738,Playoffs,19176.0,East - First Round,6.0,248,8
42200165,2023-04-26 22:00:00+00:00,Sacramento,Kings,1610612758,Golden State,Warriors,1610612744,116,123,1610612744,Playoffs,18253.0,West - First Round,5.0,239,7
42200105,2023-04-26 21:30:00+00:00,Milwaukee,Bucks,1610612749,Miami,Heat,1610612748,126,128,1610612748,Playoffs,18113.0,East - First Round,5.0,254,2
42200155,2023-04-26 19:30:00+00:00,Memphis,Grizzlies,1610612763,Los Angeles,Lakers,1610612747,116,99,1610612763,Playoffs,18117.0,West - First Round,5.0,215,17
42200135,2023-04-26 19:00:00+00:00,Cleveland,Cavaliers,1610612739,New York,Knicks,1610612752,95,106,1610612752,Playoffs,19432.0,East - First Round,5.0,201,11
42200175,2023-04-25 22:00:00+00:00,Phoenix,Suns,1610612756,Los Angeles,Clippers,1610612746,136,130,1610612756,Playoffs,17071.0,West - First Round,5.0,266,6
42200145,2023-04-25 21:00:00+00:00,Denver,Nuggets,1610612743,Minnesota,Timberwolves,1610612750,112,109,1610612743,Playoffs,19691.0,West - First Round,5.0,221,3
42200115,2023-04-25 19:30:00+00:00,Boston,Celtics,1610612738,Atlanta,Hawks,1610612737,117,119,1610612737,Playoffs,19156.0,East - First Round,5.0,236,2
42200154,2023-04-24 22:00:00+00:00,Los Angeles,Lakers,1610612747,Memphis,Grizzlies,1610612763,117,111,1610612747,Playoffs,18997.0,West - First Round,4.0,228,6
42200104,2023-04-24 19:30:00+00:00,Miami,Heat,1610612748,Milwaukee,Bucks,1610612749,119,114,1610612748,Playoffs,19614.0,East - First Round,4.0,233,5
42200144,2023-04-23 21:30:00+00:00,Minnesota,Timberwolves,1610612750,Denver,Nuggets,1610612743,114,108,1610612750,Playoffs,18978.0,West - First Round,4.0,222,6
42200114,2023-04-23 19:00:00+00:00,Atlanta,Hawks,1610612737,Boston,Celtics,1610612738,121,129,1610612738,Playoffs,19144.0,East - First Round,4.0,250,8
42200164,2023-04-23 15:30:00+00:00,Golden State,Warriors,1610612744,Sacramento,Kings,1610612758,126,125,1610612744,Playoffs,18064.0,West - First Round,4.0,251,1
42200134,2023-04-23 13:00:00+00:00,New York,Knicks,1610612752,Cleveland,Cavaliers,1610612739,102,93,1610612752,Playoffs,19812.0,East - First Round,4.0,195,9
42200153,2023-04-22 22:00:00+00:00,Los Angeles,Lakers,1610612747,Memphis,Grizzlies,1610612763,111,101,1610612747,Playoffs,18997.0,West - First Round,3.0,212,10
42200103,2023-04-22 19:30:00+00:00,Miami,Heat,1610612748,Milwaukee,Bucks,1610612749,121,99,1610612748,Playoffs,19734.0,East - First Round,3.0,220,22
42200174,2023-04-22 15:30:00+00:00,Los Angeles,Clippers,1610612746,Phoenix,Suns,1610612756,100,112,1610612756,Playoffs,19068.0,West - First Round,4.0,212,12
42200124,2023-04-22 13:00:00+00:00,Brooklyn,Nets,1610612751,Philadelphia,76ers,1610612755,88,96,1610612755,Playoffs,18037.0,East - First Round,4.0,184,8
42200143,2023-04-21 21:30:00+00:00,Minnesota,Timberwolves,1610612750,Denver,Nuggets,1610612743,111,120,1610612743,Playoffs,19536.0,West - First Round,3.0,231,9
42200133,2023-04-21 20:30:00+00:00,New York,Knicks,1610612752,Cleveland,Cavaliers,1610612739,99,79,1610612752,Playoffs,19812.0,East - First Round,3.0,178,20
42200113,2023-04-21 19:00:00+00:00,Atlanta,Hawks,1610612737,Boston,Celtics,1610612738,130,122,1610612737,Playoffs,18536.0,East - First Round,3.0,252,8
42200173,2023-04-20 22:30:00+00:00,Los Angeles,Clippers,1610612746,Phoenix,Suns,1610612756,124,129,1610612756,Playoffs,19068.0,West - First Round,3.0,253,5
42200163,2023-04-20 22:00:00+00:00,Golden State,Warriors,1610612744,Sacramento,Kings,1610612758,114,97,1610612744,Playoffs,18064.0,West - First Round,3.0,211,17
42200123,2023-04-20 19:30:00+00:00,Brooklyn,Nets,1610612751,Philadelphia,76ers,1610612755,97,102,1610612755,Playoffs,17910.0,East - First Round,3.0,199,5
42200142,2023-04-19 22:00:00+00:00,Denver,Nuggets,1610612743,Minnesota,Timberwolves,1610612750,122,113,1610612743,Playoffs,19683.0,West - First Round,2.0,235,9
42200102,2023-04-19 21:00:00+00:00,Milwaukee,Bucks,1610612749,Miami,Heat,1610612748,138,122,1610612749,Playoffs,18962.0,East - First Round,2.0,260,16
42200152,2023-04-19 19:30:00+00:00,Memphis,Grizzlies,1610612763,Los Angeles,Lakers,1610612747,103,93,1610612763,Playoffs,17928.0,West - First Round,2.0,196,10
42200172,2023-04-18 22:00:00+00:00,Phoenix,Suns,1610612756,Los Angeles,Clippers,1610612746,123,109,1610612756,Playoffs,17071.0,West - First Round,2.0,232,14
42200132,2023-04-18 19:30:00+00:00,Cleveland,Cavaliers,1610612739,New York,Knicks,1610612752,107,90,1610612739,Playoffs,19432.0,East - First Round,2.0,197,17
42200112,2023-04-18 19:00:00+00:00,Boston,Celtics,1610612738,Atlanta,Hawks,1610612737,119,106,1610612738,Playoffs,19156.0,East - First Round,2.0,225,13
42200162,2023-04-17 22:00:00+00:00,Sacramento,Kings,1610612758,Golden State,Warriors,1610612744,114,106,1610612758,Playoffs,18253.0,West - First Round,2.0,220,8
42200122,2023-04-17 19:30:00+00:00,Philadelphia,76ers,1610612755,Brooklyn,Nets,1610612751,96,84,1610612755,Playoffs,20958.0,East - First Round,2.0,180,12
42200141,2023-04-16 22:30:00+00:00,Denver,Nuggets,1610612743,Minnesota,Timberwolves,1610612750,109,80,1610612743,Playoffs,19628.0,West - First Round,1.0,189,29
42200171,2023-04-16 20:00:00+00:00,Phoenix,Suns,1610612756,Los Angeles,Clippers,1610612746,110,115,1610612746,Playoffs,17071.0,West - First Round,1.0,225,5
42200101,2023-04-16 17:30:00+00:00,Milwaukee,Bucks,1610612749,Miami,Heat,1610612748,117,130,1610612748,Playoffs,18962.0,East - First Round,1.0,247,13
42200151,2023-04-16 15:00:00+00:00,Memphis,Grizzlies,1610612763,Los Angeles,Lakers,1610612747,112,128,1610612747,Playoffs,18487.0,West - First Round,1.0,240,16
42200161,2023-04-15 20:30:00+00:00,Sacramento,Kings,1610612758,Golden State,Warriors,1610612744,126,123,1610612758,Playoffs,18962.0,West - First Round,1.0,249,3
42200131,2023-04-15 18:00:00+00:00,Cleveland,Cavaliers,1610612739,New York,Knicks,1610612752,97,101,1610612752,Playoffs,18962.0,East - First Round,1.0,198,4
42200111,2023-04-15 15:30:00+00:00,Boston,Celtics,1610612738,Atlanta,Hawks,1610612737,112,99,1610612738,Playoffs,19156.0,East - First Round,1.0,211,13
42200121,2023-04-15 13:00:00+00:00,Philadelphia,76ers,1610612755,Brooklyn,Nets,1610612751,121,101,1610612755,Playoffs,20913.0,East - First Round,1.0,222,20
42100406,2022-06-16 21:00:00+00:00,Boston,Celtics,1610612738,Golden State,Warriors,1610612744,90,103,1610612744,Playoffs,19156.0,NBA Finals,6.0,193,13
42100405,2022-06-13 21:00:00+00:00,Golden State,Warriors,1610612744,Boston,Celtics,1610612738,104,94,1610612744,Playoffs,18064.0,NBA Finals,5.0,198,10
42100404,2022-06-10 21:00:00+00:00,Boston,Celtics,1610612738,Golden State,Warriors,1610612744,97,107,1610612744,Playoffs,19156.0,NBA Finals,4.0,204,10
42100403,2022-06-08 21:00:00+00:00,Boston,Celtics,1610612738,Golden State,Warriors,1610612744,116,100,1610612738,Playoffs,19156.0,NBA Finals,3.0,216,16
42100402,2022-06-05 20:00:00+00:00,Golden State,Warriors,1610612744,Boston,Celtics,1610612738,107,88,1610612744,Playoffs,18064.0,NBA Finals,2.0,195,19
42100401,2022-06-02 21:00:00+00:00,Golden State,Warriors,1610612744,Boston,Celtics,1610612738,108,120,1610612738,Playoffs,18064.0,NBA Finals,1.0,228,12
42100307,2022-05-29 20:30:00+00:00,Miami,Heat,1610612748,Boston,Celtics,1610612738,96,100,1610612738,Playoffs,20200.0,East - Conf. Finals,7.0,196,4
42100306,2022-05-27 20:30:00+00:00,Boston,Celtics,1610612738,Miami,Heat,1610612748,103,111,1610612748,Playoffs,19156.0,East - Conf. Finals,6.0,214,8
42100315,2022-05-26 21:00:00+00:00,Golden State,Warriors,1610612744,Dallas,Mavericks,1610612742,120,110,1610612744,Playoffs,18064.0,West - Conf. Finals,5.0,230,10
42100305,2022-05-25 20:30:00+00:00,Miami,Heat,1610612748,Boston,Celtics,1610612738,80,93,1610612738,Playoffs,19819.0,East - Conf. Finals,5.0,173,13
42100314,2022-05-24 21:00:00+00:00,Dallas,Mavericks,1610612742,Golden State,Warriors,1610612744,119,109,1610612742,Playoffs,20810.0,West - Conf. Finals,4.0,228,10
42100304,2022-05-23 20:30:00+00:00,Boston,Celtics,1610612738,Miami,Heat,1610612748,102,82,1610612738,Playoffs,19156.0,East - Conf. Finals,4.0,184,20
42100313,2022-05-22 21:00:00+00:00,Dallas,Mavericks,1610612742,Golden State,Warriors,1610612744,100,109,1610612744,Playoffs,20813.0,West - Conf. Finals,3.0,209,9
42100303,2022-05-21 20:30:00+00:00,Boston,Celtics,1610612738,Miami,Heat,1610612748,103,109,1610612748,Playoffs,19156.0,East - Conf. Finals,3.0,212,6
42100312,2022-05-20 21:00:00+00:00,Golden State,Warriors,1610612744,Dallas,Mavericks,1610612742,126,117,1610612744,Playoffs,18064.0,West - Conf. Finals,2.0,243,9
42100302,2022-05-19 20:30:00+00:00,Miami,Heat,1610612748,Boston,Celtics,1610612738,102,127,1610612738,Playoffs,20100.0,East - Conf. Finals,2.0,229,25
42100311,2022-05-18 21:00:00+00:00,Golden State,Warriors,1610612744,Dallas,Mavericks,1610612742,112,87,1610612744,Playoffs,18064.0,West - Conf. Finals,1.0,199,25
42100301,2022-05-17 20:30:00+00:00,Miami,Heat,1610612748,Boston,Celtics,1610612738,118,107,1610612748,Playoffs,19774.0,East - Conf. Finals,1.0,225,11
42100227,2022-05-15 20:00:00+00:00,Phoenix,Suns,1610612756,Dallas,Mavericks,1610612742,90,123,1610612742,Playoffs,17071.0,West - Conf. Semifinals,7.0,213,33
42100217,2022-05-15 15:30:00+00:00,Boston,Celtics,1610612738,Milwaukee,Bucks,1610612749,109,81,1610612738,Playoffs,19156.0,East - Conf. Semifinals,7.0,190,28
42100236,2022-05-13 22:00:00+00:00,Golden State,Warriors,1610612744,Memphis,Grizzlies,1610612763,110,96,1610612744,Playoffs,18064.0,West - Conf. Semifinals,6.0,206,14
42100216,2022-05-13 19:30:00+00:00,Milwaukee,Bucks,1610612749,Boston,Celtics,1610612738,95,108,1610612738,Playoffs,17681.0,East - Conf. Semifinals,6.0,203,13
42100226,2022-05-12 21:30:00+00:00,Dallas,Mavericks,1610612742,Phoenix,Suns,1610612756,113,86,1610612742,Playoffs,20777.0,West - Conf. Semifinals,6.0,199,27
42100206,2022-05-12 19:00:00+00:00,Philadelphia,76ers,1610612755,Miami,Heat,1610612748,90,99,1610612748,Playoffs,21082.0,East - Conf. Semifinals,6.0,189,9
42100235,2022-05-11 21:30:00+00:00,Memphis,Grizzlies,1610612763,Golden State,Warriors,1610612744,134,95,1610612763,Playoffs,17794.0,West - Conf. Semifinals,5.0,229,39
42100215,2022-05-11 19:00:00+00:00,Boston,Celtics,1610612738,Milwaukee,Bucks,1610612749,107,110,1610612749,Playoffs,19156.0,East - Conf. Semifinals,5.0,217,3
42100225,2022-05-10 22:00:00+00:00,Phoenix,Suns,1610612756,Dallas,Mavericks,1610612742,110,80,1610612756,Playoffs,17071.0,West - Conf. Semifinals,5.0,190,30
42100205,2022-05-10 19:30:00+00:00,Miami,Heat,1610612748,Philadelphia,76ers,1610612755,120,85,1610612748,Playoffs,19868.0,East - Conf. Semifinals,5.0,205,35
42100234,2022-05-09 22:00:00+00:00,Golden State,Warriors,1610612744,Memphis,Grizzlies,1610612763,101,98,1610612744,Playoffs,18064.0,West - Conf. Semifinals,4.0,199,3
42100214,2022-05-09 19:30:00+00:00,Milwaukee,Bucks,1610612749,Boston,Celtics,1610612738,108,116,1610612738,Playoffs,17505.0,East - Conf. Semifinals,4.0,224,8
42100204,2022-05-08 20:00:00+00:00,Philadelphia,76ers,1610612755,Miami,Heat,1610612748,116,108,1610612755,Playoffs,21194.0,East - Conf. Semifinals,4.0,224,8
42100224,2022-05-08 15:30:00+00:00,Dallas,Mavericks,1610612742,Phoenix,Suns,1610612756,111,101,1610612742,Playoffs,20610.0,West - Conf. Semifinals,4.0,212,10
42100233,2022-05-07 20:30:00+00:00,Golden State,Warriors,1610612744,Memphis,Grizzlies,1610612763,142,112,1610612744,Playoffs,18064.0,West - Conf. Semifinals,3.0,254,30
42100213,2022-05-07 15:30:00+00:00,Milwaukee,Bucks,1610612749,Boston,Celtics,1610612738,103,101,1610612749,Playoffs,17736.0,East - Conf. Semifinals,3.0,204,2
42100223,2022-05-06 21:30:00+00:00,Dallas,Mavericks,1610612742,Phoenix,Suns,1610612756,103,94,1610612742,Playoffs,20777.0,West - Conf. Semifinals,3.0,197,9
42100203,2022-05-06 19:00:00+00:00,Philadelphia,76ers,1610612755,Miami,Heat,1610612748,99,79,1610612755,Playoffs,21033.0,East - Conf. Semifinals,3.0,178,20
42100222,2022-05-04 22:00:00+00:00,Phoenix,Suns,1610612756,Dallas,Mavericks,1610612742,129,109,1610612756,Playoffs,17071.0,West - Conf. Semifinals,2.0,238,20
42100202,2022-05-04 19:30:00+00:00,Miami,Heat,1610612748,Philadelphia,76ers,1610612755,119,103,1610612748,Playoffs,19759.0,East - Conf. Semifinals,2.0,222,16
42100232,2022-05-03 21:30:00+00:00,Memphis,Grizzlies,1610612763,Golden State,Warriors,1610612744,106,101,1610612763,Playoffs,17794.0,West - Conf. Semifinals,2.0,207,5
42100212,2022-05-03 19:00:00+00:00,Boston,Celtics,1610612738,Milwaukee,Bucks,1610612749,109,86,1610612738,Playoffs,19156.0,East - Conf. Semifinals,2.0,195,23
42100221,2022-05-02 22:00:00+00:00,Phoenix,Suns,1610612756,Dallas,Mavericks,1610612742,121,114,1610612756,Playoffs,17071.0,West - Conf. Semifinals,1.0,235,7
42100201,2022-05-02 19:30:00+00:00,Miami,Heat,1610612748,Philadelphia,76ers,1610612755,106,92,1610612748,Playoffs,19620.0,East - Conf. Semifinals,1.0,198,14
42100231,2022-05-01 15:30:00+00:00,Memphis,Grizzlies,1610612763,Golden State,Warriors,1610612744,116,117,1610612744,Playoffs,17794.0,West - Conf. Semifinals,1.0,233,1
42100211,2022-05-01 13:00:00+00:00,Boston,Celtics,1610612738,Milwaukee,Bucks,1610612749,89,101,1610612749,Playoffs,19156.0,East - Conf. Semifinals,1.0,190,12
42100156,2022-04-29 21:00:00+00:00,Minnesota,Timberwolves,1610612750,Memphis,Grizzlies,1610612763,106,114,1610612763,Playoffs,20323.0,West - First Round,6.0,220,8
42100176,2022-04-28 22:00:00+00:00,Utah,Jazz,1610612762,Dallas,Mavericks,1610612742,96,98,1610612742,Playoffs,18306.0,West - First Round,6.0,194,2
42100146,2022-04-28 19:30:00+00:00,New Orleans,Pelicans,1610612740,Phoenix,Suns,1610612756,109,115,1610612756,Playoffs,18710.0,West - First Round,6.0,224,6
42100136,2022-04-28 19:00:00+00:00,Toronto,Raptors,1610612761,Philadelphia,76ers,1610612755,97,132,1610612755,Playoffs,19800.0,East - First Round,6.0,229,35
42100165,2022-04-27 22:00:00+00:00,Golden State,Warriors,1610612744,Denver,Nuggets,1610612743,102,98,1610612744,Playoffs,18064.0,West - First Round,5.0,200,4
42100125,2022-04-27 19:30:00+00:00,Milwaukee,Bucks,1610612749,Chicago,Bulls,1610612741,116,100,1610612749,Playoffs,17506.0,East - First Round,5.0,216,16
42100145,2022-04-26 22:00:00+00:00,Phoenix,Suns,1610612756,New Orleans,Pelicans,1610612740,112,97,1610612756,Playoffs,17071.0,West - First Round,5.0,209,15
42100155,2022-04-26 19:30:00+00:00,Memphis,Grizzlies,1610612763,Minnesota,Timberwolves,1610612750,111,109,1610612763,Playoffs,17794.0,West - First Round,5.0,220,2
42100105,2022-04-26 19:00:00+00:00,Miami,Heat,1610612748,Atlanta,Hawks,1610612737,97,94,1610612748,Playoffs,19553.0,East - First Round,5.0,191,3
42100175,2022-04-25 21:30:00+00:00,Dallas,Mavericks,1610612742,Utah,Jazz,1610612762,102,77,1610612742,Playoffs,20577.0,West - First Round,5.0,179,25
42100135,2022-04-25 20:00:00+00:00,Philadelphia,76ers,1610612755,Toronto,Raptors,1610612761,88,103,1610612761,Playoffs,20517.0,East - First Round,5.0,191,15
42100114,2022-04-25 19:00:00+00:00,Brooklyn,Nets,1610612751,Boston,Celtics,1610612738,112,116,1610612738,Playoffs,18099.0,East - First Round,4.0,228,4
42100144,2022-04-24 21:30:00+00:00,New Orleans,Pelicans,1610612740,Phoenix,Suns,1610612756,118,103,1610612740,Playoffs,18962.0,West - First Round,4.0,221,15
42100104,2022-04-24 19:00:00+00:00,Atlanta,Hawks,1610612737,Miami,Heat,1610612748,86,110,1610612748,Playoffs,18951.0,East - First Round,4.0,196,24
42100164,2022-04-24 15:30:00+00:00,Denver,Nuggets,1610612743,Golden State,Warriors,1610612744,126,121,1610612743,Playoffs,19628.0,West - First Round,4.0,247,5
42100124,2022-04-24 13:00:00+00:00,Chicago,Bulls,1610612741,Milwaukee,Bucks,1610612749,95,119,1610612749,Playoffs,22020.0,East - First Round,4.0,214,24
42100154,2022-04-23 22:00:00+00:00,Minnesota,Timberwolves,1610612750,Memphis,Grizzlies,1610612763,119,118,1610612750,Playoffs,19832.0,West - First Round,4.0,237,1
42100113,2022-04-23 19:30:00+00:00,Brooklyn,Nets,1610612751,Boston,Celtics,1610612738,103,109,1610612738,Playoffs,18175.0,East - First Round,3.0,212,6
42100174,2022-04-23 16:30:00+00:00,Utah,Jazz,1610612762,Dallas,Mavericks,1610612742,100,99,1610612762,Playoffs,18306.0,West - First Round,4.0,199,1
42100134,2022-04-23 14:00:00+00:00,Toronto,Raptors,1610612761,Philadelphia,76ers,1610612755,110,102,1610612761,Playoffs,19800.0,East - First Round,4.0,212,8
42100143,2022-04-22 21:30:00+00:00,New Orleans,Pelicans,1610612740,Phoenix,Suns,1610612756,111,114,1610612756,Playoffs,18962.0,West - First Round,3.0,225,3
42100123,2022-04-22 20:30:00+00:00,Chicago,Bulls,1610612741,Milwaukee,Bucks,1610612749,81,111,1610612749,Playoffs,22667.0,East - First Round,3.0,192,30
42100103,2022-04-22 19:00:00+00:00,Atlanta,Hawks,1610612737,Miami,Heat,1610612748,111,110,1610612737,Playoffs,18421.0,East - First Round,3.0,221,1
42100163,2022-04-21 22:00:00+00:00,Denver,Nuggets,1610612743,Golden State,Warriors,1610612744,113,118,1610612744,Playoffs,19627.0,West - First Round,3.0,231,5
42100173,2022-04-21 21:00:00+00:00,Utah,Jazz,1610612762,Dallas,Mavericks,1610612742,118,126,1610612742,Playoffs,18306.0,West - First Round,3.0,244,8
42100153,2022-04-21 19:30:00+00:00,Minnesota,Timberwolves,1610612750,Memphis,Grizzlies,1610612763,95,104,1610612763,Playoffs,19634.0,West - First Round,3.0,199,9
42100122,2022-04-20 21:30:00+00:00,Milwaukee,Bucks,1610612749,Chicago,Bulls,1610612741,110,114,1610612741,Playoffs,17688.0,East - First Round,2.0,224,4
42100133,2022-04-20 20:00:00+00:00,Toronto,Raptors,1610612761,Philadelphia,76ers,1610612755,101,104,1610612755,Playoffs,19800.0,East - First Round,3.0,205,3
42100112,2022-04-20 19:00:00+00:00,Boston,Celtics,1610612738,Brooklyn,Nets,1610612751,114,107,1610612738,Playoffs,19156.0,East - First Round,2.0,221,7
42100142,2022-04-19 22:00:00+00:00,Phoenix,Suns,1610612756,New Orleans,Pelicans,1610612740,114,125,1610612740,Playoffs,17071.0,West - First Round,2.0,239,11
42100152,2022-04-19 20:30:00+00:00,Memphis,Grizzlies,1610612763,Minnesota,Timberwolves,1610612750,124,96,1610612763,Playoffs,17794.0,West - First Round,2.0,220,28
42100102,2022-04-19 19:30:00+00:00,Miami,Heat,1610612748,Atlanta,Hawks,1610612737,115,105,1610612748,Playoffs,19950.0,East - First Round,2.0,220,10
42100162,2022-04-18 22:00:00+00:00,Golden State,Warriors,1610612744,Denver,Nuggets,1610612743,126,106,1610612744,Playoffs,18064.0,West - First Round,2.0,232,20
42100172,2022-04-18 20:30:00+00:00,Dallas,Mavericks,1610612742,Utah,Jazz,1610612762,110,104,1610612742,Playoffs,20113.0,West - First Round,2.0,214,6
42100132,2022-04-18 19:30:00+00:00,Philadelphia,76ers,1610612755,Toronto,Raptors,1610612761,112,97,1610612755,Playoffs,20974.0,East - First Round,2.0,209,15
42100141,2022-04-17 21:00:00+00:00,Phoenix,Suns,1610612756,New Orleans,Pelicans,1610612740,110,99,1610612756,Playoffs,17071.0,West - First Round,1.0,209,11
42100121,2022-04-17 18:30:00+00:00,Milwaukee,Bucks,1610612749,Chicago,Bulls,1610612741,93,86,1610612749,Playoffs,17717.0,East - First Round,1.0,179,7
42100111,2022-04-17 15:30:00+00:00,Boston,Celtics,1610612738,Brooklyn,Nets,1610612751,115,114,1610612738,Playoffs,19156.0,East - First Round,1.0,229,1
42100101,2022-04-17 13:00:00+00:00,Miami,Heat,1610612748,Atlanta,Hawks,1610612737,115,91,1610612748,Playoffs,19514.0,East - First Round,1.0,206,24
42100161,2022-04-16 20:30:00+00:00,Golden State,Warriors,1610612744,Denver,Nuggets,1610612743,123,107,1610612744,Playoffs,18064.0,West - First Round,1.0,230,16
42100131,2022-04-16 18:00:00+00:00,Philadelphia,76ers,1610612755,Toronto,Raptors,1610612761,131,111,1610612755,Playoffs,20610.0,East - First Round,1.0,242,20
42100151,2022-04-16 15:30:00+00:00,Memphis,Grizzlies,1610612763,Minnesota,Timberwolves,1610612750,117,130,1610612750,Playoffs,17794.0,West - First Round,1.0,247,13
42100171,2022-04-16 13:00:00+00:00,Dallas,Mavericks,1610612742,Utah,Jazz,1610612762,93,99,1610612762,Playoffs,20013.0,West - First Round,1.0,192,6
42000406,2021-07-20 21:00:00+00:00,Milwaukee,Bucks,1610612749,Phoenix,Suns,1610612756,105,98,1610612749,Playoffs,17397.0,NBA Finals,6.0,203,7
42000405,2021-07-17 21:00:00+00:00,Phoenix,Suns,1610612756,Milwaukee,Bucks,1610612749,119,123,1610612749,Playoffs,16562.0,NBA Finals,5.0,242,4
42000404,2021-07-14 21:00:00+00:00,Milwaukee,Bucks,1610612749,Phoenix,Suns,1610612756,109,103,1610612749,Playoffs,16911.0,NBA Finals,4.0,212,6
42000403,2021-07-11 20:00:00+00:00,Milwaukee,Bucks,1610612749,Phoenix,Suns,1610612756,120,100,1610612749,Playoffs,16637.0,NBA Finals,3.0,220,20
42000402,2021-07-08 21:00:00+00:00,Phoenix,Suns,1610612756,Milwaukee,Bucks,1610612749,118,108,1610612756,Playoffs,16583.0,NBA Finals,2.0,226,10
42000401,2021-07-06 21:00:00+00:00,Phoenix,Suns,1610612756,Milwaukee,Bucks,1610612749,118,105,1610612756,Playoffs,16557.0,NBA Finals,1.0,223,13
42000306,2021-07-03 20:30:00+00:00,Atlanta,Hawks,1610612737,Milwaukee,Bucks,1610612749,107,118,1610612749,Playoffs,16620.0,East - Conf. Finals,6.0,225,11
42000305,2021-07-01 20:30:00+00:00,Milwaukee,Bucks,1610612749,Atlanta,Hawks,1610612737,123,112,1610612749,Playoffs,16389.0,East - Conf. Finals,5.0,235,11
42000316,2021-06-30 21:00:00+00:00,Los Angeles,Clippers,1610612746,Phoenix,Suns,1610612756,103,130,1610612756,Playoffs,18495.0,West - Conf. Finals,6.0,233,27
42000304,2021-06-29 20:30:00+00:00,Atlanta,Hawks,1610612737,Milwaukee,Bucks,1610612749,110,88,1610612737,Playoffs,16478.0,East - Conf. Finals,4.0,198,22
42000315,2021-06-28 21:00:00+00:00,Phoenix,Suns,1610612756,Los Angeles,Clippers,1610612746,102,116,1610612746,Playoffs,16664.0,West - Conf. Finals,5.0,218,14
42000303,2021-06-27 20:30:00+00:00,Atlanta,Hawks,1610612737,Milwaukee,Bucks,1610612749,102,113,1610612749,Playoffs,16650.0,East - Conf. Finals,3.0,215,11
42000314,2021-06-26 21:00:00+00:00,Los Angeles,Clippers,1610612746,Phoenix,Suns,1610612756,80,84,1610612756,Playoffs,18222.0,West - Conf. Finals,4.0,164,4
42000302,2021-06-25 20:30:00+00:00,Milwaukee,Bucks,1610612749,Atlanta,Hawks,1610612737,125,91,1610612749,Playoffs,16422.0,East - Conf. Finals,2.0,216,34
42000313,2021-06-24 21:00:00+00:00,Los Angeles,Clippers,1610612746,Phoenix,Suns,1610612756,106,92,1610612746,Playoffs,17222.0,West - Conf. Finals,3.0,198,14
42000301,2021-06-23 20:30:00+00:00,Milwaukee,Bucks,1610612749,Atlanta,Hawks,1610612737,113,116,1610612737,Playoffs,16310.0,East - Conf. Finals,1.0,229,3
42000312,2021-06-22 21:00:00+00:00,Phoenix,Suns,1610612756,Los Angeles,Clippers,1610612746,104,103,1610612756,Playoffs,16645.0,West - Conf. Finals,2.0,207,1
42000207,2021-06-20 20:00:00+00:00,Philadelphia,76ers,1610612755,Atlanta,Hawks,1610612737,96,103,1610612737,Playoffs,18624.0,East - Conf. Semifinals,7.0,199,7
42000311,2021-06-20 15:30:00+00:00,Phoenix,Suns,1610612756,Los Angeles,Clippers,1610612746,120,114,1610612756,Playoffs,16583.0,West - Conf. Finals,1.0,234,6
42000217,2021-06-19 20:30:00+00:00,Brooklyn,Nets,1610612751,Milwaukee,Bucks,1610612749,111,115,1610612749,Playoffs,16287.0,East - Conf. Semifinals,7.0,226,4
42000226,2021-06-18 22:00:00+00:00,Los Angeles,Clippers,1610612746,Utah,Jazz,1610612762,131,119,1610612746,Playoffs,17105.0,West - Conf. Semifinals,6.0,250,12
42000206,2021-06-18 19:30:00+00:00,Atlanta,Hawks,1610612737,Philadelphia,76ers,1610612755,99,104,1610612755,Playoffs,16610.0,East - Conf. Semifinals,6.0,203,5
42000216,2021-06-17 20:30:00+00:00,Milwaukee,Bucks,1610612749,Brooklyn,Nets,1610612751,104,89,1610612749,Playoffs,16310.0,East - Conf. Semifinals,6.0,193,15
42000225,2021-06-16 22:00:00+00:00,Utah,Jazz,1610612762,Los Angeles,Clippers,1610612746,111,119,1610612746,Playoffs,18007.0,West - Conf. Semifinals,5.0,230,8
42000205,2021-06-16 19:30:00+00:00,Philadelphia,76ers,1610612755,Atlanta,Hawks,1610612737,106,109,1610612737,Playoffs,18624.0,East - Conf. Semifinals,5.0,215,3
42000215,2021-06-15 20:30:00+00:00,Brooklyn,Nets,1610612751,Milwaukee,Bucks,1610612749,114,108,1610612751,Playoffs,16067.0,East - Conf. Semifinals,5.0,222,6
42000224,2021-06-14 22:00:00+00:00,Los Angeles,Clippers,1610612746,Utah,Jazz,1610612762,118,104,1610612746,Playoffs,8474.0,West - Conf. Semifinals,4.0,222,14
42000204,2021-06-14 19:30:00+00:00,Atlanta,Hawks,1610612737,Philadelphia,76ers,1610612755,103,100,1610612737,Playoffs,16502.0,East - Conf. Semifinals,4.0,203,3
42000234,2021-06-13 20:00:00+00:00,Denver,Nuggets,1610612743,Phoenix,Suns,1610612756,118,125,1610612756,Playoffs,18290.0,West - Conf. Semifinals,4.0,243,7
42000214,2021-06-13 15:00:00+00:00,Milwaukee,Bucks,1610612749,Brooklyn,Nets,1610612751,107,96,1610612749,Playoffs,16310.0,East - Conf. Semifinals,4.0,203,11
42000223,2021-06-12 20:30:00+00:00,Los Angeles,Clippers,1610612746,Utah,Jazz,1610612762,132,106,1610612746,Playoffs,8185.0,West - Conf. Semifinals,3.0,238,26
42000233,2021-06-11 22:00:00+00:00,Denver,Nuggets,1610612743,Phoenix,Suns,1610612756,102,116,1610612756,Playoffs,18277.0,West - Conf. Semifinals,3.0,218,14
42000203,2021-06-11 19:30:00+00:00,Atlanta,Hawks,1610612737,Philadelphia,76ers,1610612755,111,127,1610612755,Playoffs,16432.0,East - Conf. Semifinals,3.0,238,16
42000222,2021-06-10 22:00:00+00:00,Utah,Jazz,1610612762,Los Angeles,Clippers,1610612746,117,111,1610612762,Playoffs,18007.0,West - Conf. Semifinals,2.0,228,6
42000213,2021-06-10 19:30:00+00:00,Milwaukee,Bucks,1610612749,Brooklyn,Nets,1610612751,86,83,1610612749,Playoffs,16310.0,East - Conf. Semifinals,3.0,169,3
42000232,2021-06-09 21:30:00+00:00,Phoenix,Suns,1610612756,Denver,Nuggets,1610612743,123,98,1610612756,Playoffs,16529.0,West - Conf. Semifinals,2.0,221,25
42000221,2021-06-08 22:00:00+00:00,Utah,Jazz,1610612762,Los Angeles,Clippers,1610612746,112,109,1610612762,Playoffs,18007.0,West - Conf. Semifinals,1.0,221,3
42000202,2021-06-08 19:30:00+00:00,Philadelphia,76ers,1610612755,Atlanta,Hawks,1610612737,118,102,1610612755,Playoffs,18624.0,East - Conf. Semifinals,2.0,220,16
42000231,2021-06-07 22:00:00+00:00,Phoenix,Suns,1610612756,Denver,Nuggets,1610612743,122,105,1610612756,Playoffs,16219.0,West - Conf. Semifinals,1.0,227,17
42000212,2021-06-07 19:30:00+00:00,Brooklyn,Nets,1610612751,Milwaukee,Bucks,1610612749,125,86,1610612751,Playoffs,15776.0,East - Conf. Semifinals,2.0,211,39
42000177,2021-06-06 15:30:00+00:00,Los Angeles,Clippers,1610612746,Dallas,Mavericks,1610612742,126,111,1610612746,Playoffs,7342.0,West - First Round,7.0,237,15
42000201,2021-06-06 13:00:00+00:00,Philadelphia,76ers,1610612755,Atlanta,Hawks,1610612737,124,128,1610612737,Playoffs,18624.0,East - Conf. Semifinals,1.0,252,4
42000211,2021-06-05 19:30:00+00:00,Brooklyn,Nets,1610612751,Milwaukee,Bucks,1610612749,115,107,1610612751,Playoffs,15750.0,East - Conf. Semifinals,1.0,222,8
42000176,2021-06-04 21:00:00+00:00,Dallas,Mavericks,1610612742,Los Angeles,Clippers,1610612746,97,104,1610612746,Playoffs,18324.0,West - First Round,6.0,201,7
42000156,2021-06-03 22:30:00+00:00,Los Angeles,Lakers,1610612747,Phoenix,Suns,1610612756,100,113,1610612756,Playoffs,8550.0,West - First Round,6.0,213,13
42000166,2021-06-03 20:00:00+00:00,Portland,Trail Blazers,1610612757,Denver,Nuggets,1610612743,115,126,1610612743,Playoffs,10022.0,West - First Round,6.0,241,11
42000175,2021-06-02 22:00:00+00:00,Los Angeles,Clippers,1610612746,Dallas,Mavericks,1610612742,100,105,1610612742,Playoffs,7428.0,West - First Round,5.0,205,5
42000145,2021-06-02 21:30:00+00:00,Utah,Jazz,1610612762,Memphis,Grizzlies,1610612763,126,110,1610612762,Playoffs,14250.0,West - First Round,5.0,236,16
42000135,2021-06-02 19:30:00+00:00,New York,Knicks,1610612752,Atlanta,Hawks,1610612737,89,103,1610612737,Playoffs,16512.0,East - First Round,5.0,192,14
42000105,2021-06-02 19:00:00+00:00,Philadelphia,76ers,1610612755,Washington,Wizards,1610612764,129,112,1610612755,Playoffs,15523.0,East - First Round,5.0,241,17
42000155,2021-06-01 22:00:00+00:00,Phoenix,Suns,1610612756,Los Angeles,Lakers,1610612747,115,85,1610612756,Playoffs,16163.0,West - First Round,5.0,200,30
42000165,2021-06-01 21:00:00+00:00,Denver,Nuggets,1610612743,Portland,Trail Blazers,1610612757,147,140,1610612743,Playoffs,10463.0,West - First Round,5.0,287,7
42000115,2021-06-01 19:30:00+00:00,Brooklyn,Nets,1610612751,Boston,Celtics,1610612738,123,109,1610612751,Playoffs,14993.0,East - First Round,5.0,232,14
42000144,2021-05-31 21:30:00+00:00,Memphis,Grizzlies,1610612763,Utah,Jazz,1610612762,113,120,1610612762,Playoffs,12185.0,West - First Round,4.0,233,7
42000104,2021-05-31 19:00:00+00:00,Washington,Wizards,1610612764,Philadelphia,76ers,1610612755,122,114,1610612764,Playoffs,10665.0,East - First Round,4.0,236,8
42000174,2021-05-30 21:30:00+00:00,Dallas,Mavericks,1610612742,Los Angeles,Clippers,1610612746,81,106,1610612746,Playoffs,17761.0,West - First Round,4.0,187,25
42000114,2021-05-30 19:00:00+00:00,Boston,Celtics,1610612738,Brooklyn,Nets,1610612751,126,141,1610612751,Playoffs,17226.0,East - First Round,4.0,267,15
42000154,2021-05-30 15:30:00+00:00,Los Angeles,Lakers,1610612747,Phoenix,Suns,1610612756,92,100,1610612756,Playoffs,8025.0,West - First Round,4.0,192,8
42000134,2021-05-30 13:00:00+00:00,Atlanta,Hawks,1610612737,New York,Knicks,1610612752,113,96,1610612737,Playoffs,16458.0,East - First Round,4.0,209,17
42000143,2021-05-29 21:30:00+00:00,Memphis,Grizzlies,1610612763,Utah,Jazz,1610612762,111,121,1610612762,Playoffs,12185.0,West - First Round,3.0,232,10
42000103,2021-05-29 19:00:00+00:00,Washington,Wizards,1610612764,Philadelphia,76ers,1610612755,103,132,1610612755,Playoffs,10665.0,East - First Round,3.0,235,29
42000164,2021-05-29 16:00:00+00:00,Portland,Trail Blazers,1610612757,Denver,Nuggets,1610612743,115,95,1610612757,Playoffs,8050.0,West - First Round,4.0,210,20
42000124,2021-05-29 13:30:00+00:00,Miami,Heat,1610612748,Milwaukee,Bucks,1610612749,103,120,1610612749,Playoffs,17000.0,East - First Round,4.0,223,17
42000173,2021-05-28 21:30:00+00:00,Dallas,Mavericks,1610612742,Los Angeles,Clippers,1610612746,108,118,1610612746,Playoffs,17705.0,West - First Round,3.0,226,10
42000113,2021-05-28 20:30:00+00:00,Boston,Celtics,1610612738,Brooklyn,Nets,1610612751,125,119,1610612738,Playoffs,4789.0,East - First Round,3.0,244,6
42000133,2021-05-28 19:00:00+00:00,Atlanta,Hawks,1610612737,New York,Knicks,1610612752,105,94,1610612737,Playoffs,15743.0,East - First Round,3.0,199,11
42000163,2021-05-27 22:30:00+00:00,Portland,Trail Blazers,1610612757,Denver,Nuggets,1610612743,115,120,1610612743,Playoffs,8050.0,West - First Round,3.0,235,5
42000153,2021-05-27 22:00:00+00:00,Los Angeles,Lakers,1610612747,Phoenix,Suns,1610612756,109,95,1610612747,Playoffs,7825.0,West - First Round,3.0,204,14
42000123,2021-05-27 19:30:00+00:00,Miami,Heat,1610612748,Milwaukee,Bucks,1610612749,84,113,1610612749,Playoffs,17000.0,East - First Round,3.0,197,29
42000142,2021-05-26 22:00:00+00:00,Utah,Jazz,1610612762,Memphis,Grizzlies,1610612763,141,129,1610612762,Playoffs,14200.0,West - First Round,2.0,270,12
42000132,2021-05-26 19:30:00+00:00,New York,Knicks,1610612752,Atlanta,Hawks,1610612737,101,92,1610612752,Playoffs,16254.0,East - First Round,2.0,193,9
42000102,2021-05-26 19:00:00+00:00,Philadelphia,76ers,1610612755,Washington,Wizards,1610612764,120,95,1610612755,Playoffs,11160.0,East - First Round,2.0,215,25
42000172,2021-05-25 22:30:00+00:00,Los Angeles,Clippers,1610612746,Dallas,Mavericks,1610612742,121,127,1610612742,Playoffs,6885.0,West - First Round,2.0,248,6
42000152,2021-05-25 22:00:00+00:00,Phoenix,Suns,1610612756,Los Angeles,Lakers,1610612747,102,109,1610612747,Playoffs,11919.0,West - First Round,2.0,211,7
42000112,2021-05-25 19:30:00+00:00,Brooklyn,Nets,1610612751,Boston,Celtics,1610612738,130,108,1610612751,Playoffs,14774.0,East - First Round,2.0,238,22
42000162,2021-05-24 22:00:00+00:00,Denver,Nuggets,1610612743,Portland,Trail Blazers,1610612757,128,109,1610612743,Playoffs,7727.0,West - First Round,2.0,237,19
42000122,2021-05-24 19:30:00+00:00,Milwaukee,Bucks,1610612749,Miami,Heat,1610612748,132,98,1610612749,Playoffs,9107.0,East - First Round,2.0,230,34
42000141,2021-05-23 21:30:00+00:00,Utah,Jazz,1610612762,Memphis,Grizzlies,1610612763,109,112,1610612763,Playoffs,13750.0,West - First Round,1.0,221,3
42000131,2021-05-23 19:00:00+00:00,New York,Knicks,1610612752,Atlanta,Hawks,1610612737,105,107,1610612737,Playoffs,15047.0,East - First Round,1.0,212,2
42000151,2021-05-23 15:30:00+00:00,Phoenix,Suns,1610612756,Los Angeles,Lakers,1610612747,99,90,1610612756,Playoffs,11824.0,West - First Round,1.0,189,9
42000101,2021-05-23 13:00:00+00:00,Philadelphia,76ers,1610612755,Washington,Wizards,1610612764,125,118,1610612755,Playoffs,11160.0,East - First Round,1.0,243,7
42000161,2021-05-22 22:30:00+00:00,Denver,Nuggets,1610612743,Portland,Trail Blazers,1610612757,109,123,1610612757,Playoffs,7732.0,West - First Round,1.0,232,14
42000111,2021-05-22 20:00:00+00:00,Brooklyn,Nets,1610612751,Boston,Celtics,1610612738,104,93,1610612751,Playoffs,14391.0,East - First Round,1.0,197,11
42000171,2021-05-22 16:30:00+00:00,Los Angeles,Clippers,1610612746,Dallas,Mavericks,1610612742,103,113,1610612742,Playoffs,6117.0,West - First Round,1.0,216,10
42000121,2021-05-22 14:00:00+00:00,Milwaukee,Bucks,1610612749,Miami,Heat,1610612748,109,107,1610612749,Playoffs,9107.0,East - First Round,1.0,216,2
